email,password,nickname
3ftns54swo@example.com,AB8RMvhtl9,mmcicsdtul
m3galyadkk@example.com,CActeR7OPC,glscgfgcjf
yk82e2wawh@example.com,oDzp0cWXtW,cumrdugpyl
eepharf86k@example.com,IHENwqCu0B,fgiljyqbpz
lko1cb5hs6@example.com,X0GIogoHWj,ecdwptmwtf
qv98nmxce0@example.com,X8Qzm1ALsW,gqodquimlq
tkahf57308@example.com,YYnxmBRmcw,ecunaqyjxd
8sph6baqla@example.com,uiXkcGWRV4,dbzkxofeop
dcvnkrl12n@example.com,fzR9NJIyN2,poasakfpfo
fh8mwzscfk@example.com,Jh7GRmIhRx,vudxzsxmfu
rqb50jx05p@example.com,9EEm2LEIF8,cnuwqwgeyq
po15wusf4n@example.com,QAYcmMd01t,cqjsllkpbi
af1bwtvx4y@example.com,grOXMuDIkE,vlzqghblyc
5bqrju59sq@example.com,LkDXMQGcw3,fhvtvmssgn
vugndpb716@example.com,CC4C5qvRvG,rvcllectpc
84kqdiadva@example.com,nRWytHjWZK,zlmxqhgkth
2wgzfe0w34@example.com,5XruOcbojT,sjgencltsn
gyyygtkqdl@example.com,4FqHx9vRcs,pppmlibdbc
7ito17s9ig@example.com,2ZteOZbEAn,ocywrhsryi
oct4swiskk@example.com,LXDhegwskw,andxnvewuw
eblqmyckc3@example.com,Hiz9hLek9b,nqooxwegho
kt9xu9n5t2@example.com,a35jGsLltD,qqugfrdfgq
m897hjfteu@example.com,F8KMao88k7,dsxgvpjyuj
t0osx8v6pb@example.com,HY9N9q2nVn,nstxvhqnoz
k6etnuqusb@example.com,r4nUjUoiwS,tgdmjqssiy
mwukr9xn91@example.com,p3vudKMa3O,fmtwolnvff
3c3pxcy1z3@example.com,oQALJL70PJ,oirgruwejv
lhhy1kw1o7@example.com,3FSeVyxbur,rgwhsbcole
ziueosiaip@example.com,LTjBcpyRAV,mymmxnjowp
6l08wbk027@example.com,NLEAaA1oh1,jtxecsncmy
ixr7kfvye4@example.com,yCLMT2KS0E,ajdduvabby
yvxo84mwe0@example.com,a2iQEbRLTO,upkedpsfli
0l2sxv0eor@example.com,w6cTZgVTWl,iqbijisjag
nklyre1s6k@example.com,2A52fGTjIS,cnbytaaank
vri4wmxgu7@example.com,p4Jak0e31n,hhzrryaumu
rvol6ap5yo@example.com,sFmQngWqaG,wxshfisway
3ouw0gczrb@example.com,IH1G3wRBiI,uaiyvkcsja
u2kvaluflz@example.com,5mOdqlKpv7,wimyobnjzu
vzmhzksxm1@example.com,sfGljArFfQ,tiegehigcr
zg86gnb98b@example.com,WDTxs9TDkO,ivarsmunzq
49um1ww87a@example.com,KaCUK4ordm,eaqeyebbpr
ibwpyon2cg@example.com,7REl5xraaR,nbcvracvkd
0vjc060d3l@example.com,Qoz5MFHvUN,wuoalaxxdw
pq7cco3wmt@example.com,j1fhJIewAl,lrbxlptshx
xw59ynf99f@example.com,fNeZyCJIye,ithdewmekk
122lquzy7o@example.com,mMPaPWv8Q0,ikmweyiafe
ggc0zsmotb@example.com,yxiY9hJC3F,hznuidokwb
r958o065ug@example.com,kU4k2QRG7K,wgkaoarftx
sc5e4xb8qs@example.com,dNFa9w2sTm,fqycsqfrcs
doldnf2q4h@example.com,FI5BtdkqYh,ipnnaxbwep
o41bo4qfa3@example.com,Cp8pLgK6EY,rncuahqljo
7zwqylqxze@example.com,kjaIwSOEsD,tkeqaqpduv
no5oe1d9ia@example.com,ciE4y3vHlW,qwgmingeuf
04ny7g1pe7@example.com,DmDjbYHNV7,gbagdwjuhe
zewupuqw0s@example.com,JEt0WoRwkL,xagxtripir
s46ozfv3y1@example.com,oWcvMZOiYj,seaplfsmay
wbd78uvum2@example.com,0BK6naBq2c,jlavkflrsg
03m1b7uxxw@example.com,EHcYRWE8l3,ghpurhppen
101poh1hj2@example.com,sOWeGGcInY,yqfserxvln
nfxun5b73j@example.com,Vh8W4bCxUR,nywlmbczoe
d8zpztq0vi@example.com,bTLuLKH68z,vhidtiumbw
sronnph2k1@example.com,Szf7TJlRdJ,axopgowyln
e5vklqxfr8@example.com,L8XHBvnNnk,zktyjlupem
2unu5qehbk@example.com,inG9NhIf1c,pqrullccgl
owe9a4ipiy@example.com,xaDsttmepz,dpvdbecjgm
dvy7kyx6k3@example.com,3APj2zSvHf,wxejivwzuu
hi8opazfxa@example.com,dMwo3OJm1j,pkklkdaxri
e6bpsonar9@example.com,oe9H2wJNRJ,brjcogljhz
w8uuwjxcws@example.com,5vkS8BYAeE,gqlavfmark
6naob4ik1p@example.com,zed8MZl3Db,vcrotdnvwf
19fx9qu229@example.com,ARDPzDayXR,rltarxhaki
fz401j4wkp@example.com,oo8oGWwM5T,pelzkurrod
hpghuij736@example.com,RdndhIXyjN,cwteejwyjq
970nkpw3vn@example.com,7oU7GOSWZW,anwbvbgwmj
igvc7a9ly9@example.com,MnLEhXoIcd,ahsoqrmcfw
acwczerxjl@example.com,uEYqZzPp9m,olwfivnshb
09tu408dnc@example.com,HKtg9xcik1,mwyksuwfea
3w455wref0@example.com,ENnhqmy3Sa,qfrofhoxio
08z84d7l91@example.com,3RWIjWV78I,vxgsqijqom
2o0gr5rilh@example.com,LewfqugycT,pzneainpfc
y30jg48av6@example.com,Z7cCHO7eiN,yixpxjfzkm
cra7oztz29@example.com,TwMrqocda7,itpvqyjhta
bhxykp4vyt@example.com,I5JVcXJyYs,mgdfqkubnm
1u0g4k0wom@example.com,2m2iUPgm9r,icsjhczpnh
zd85kn4hhi@example.com,FiBQVw4k8O,obbcpnyurk
1erdq8xyxt@example.com,i4iaKtHztJ,xxkqpahwyw
il9s5coo1j@example.com,MK4Kr69Mth,glnzxuaxpo
yv107ju1xu@example.com,TEy34QDrFP,lrxacsekbi
why4ivvy43@example.com,l9Dk9v5jF4,psgonbxzto
ff152awvhc@example.com,8W3v7Ejun3,crnmpdfmrb
k4qxq7dxge@example.com,hsu1igw4ZC,wzivyemwqk
lvbba4xmqd@example.com,KcKWr8dBGd,odshshjybw
wom8nnvvmm@example.com,YJHrJhYWDA,lvumarwine
g0asts39w7@example.com,P4eaMgxkdw,tkaxqwbwnb
1uagozgbjz@example.com,fHBjpZLHAy,xdrsuupxth
5cmkcfowbc@example.com,Y2Db2DaPzO,bbqmlnxvxc
u2ichrg7u4@example.com,oJ6vqAvYto,ajiczwfodq
xw0ohfah45@example.com,HognnSbmUI,vkewkboeob
tzf5wondkg@example.com,paRc6bd9jk,nwfhvplubn
2iz5wgtoug@example.com,6c48po44Rb,mueryhsobu
hgzyt17crr@example.com,FGt3RQjqox,liqdlbpetb
vh6i7c0zwu@example.com,gyFZgzKfd8,emftncrycn
eszff6crtj@example.com,vG4eCwOf3j,pqpbcofwjx
v5nrwtypnr@example.com,6QbVElx7Id,naevdueitq
8r4hy5daq0@example.com,CPAR7igN0b,wzwqabhjwg
5jp311tspm@example.com,8fzFIAOjZJ,ivdiafhgcr
2ncini547t@example.com,GDp6wAHqvg,kfvlyszqit
vod18yzi9r@example.com,DClTVRy4ao,wrvthlkgxh
eaopkpd18s@example.com,speXNZHAUC,ietuihtoll
e5pruc0xqg@example.com,AzJwI7MH7W,smgkkfyydo
sm9ryyecl1@example.com,GHETFknQC9,skhaqnnqay
x0aes1bpd9@example.com,1NrXNcCWCM,moltwjjncx
l5m75juvlt@example.com,doSsYEB1Wd,wrhufnwshh
2vshce31zt@example.com,rMgHAj4hc8,ekfqrlynwc
wpcu0q3zyk@example.com,12YVLC5oug,amuazwkwzi
x3a8inj7p2@example.com,7bGk1p0rDw,naurrcxkgd
8gbnppiy9z@example.com,54j8BZT7eK,dautomoexr
bfgigywz4x@example.com,XhHfQYo34h,snatvhqjtp
0u4yu1jok4@example.com,sh2mGs0gGq,neiiqxnknu
15xwn3re6p@example.com,jwJHAB5RCG,nzrooyubcp
unycm3dm8g@example.com,FrAAj7GKpw,ixgvhumirk
xlwmeipex7@example.com,C0W0BZZs7c,mqyiwlbdqj
g9bqoj0x2p@example.com,4BEYo4Wzi4,fnznohlwxb
anydkaoe4b@example.com,QGtLizPQuG,evkshqagoh
ujpfi3btip@example.com,Mbk0hQ7ouT,zefgrgddih
tzvilmtxjo@example.com,SaIHt7plM3,ddlargjxfc
zecsv8y0yy@example.com,vof61N1IhO,risqlwzeks
5wr2q7u8n0@example.com,WfjjawdEJl,yorzunbwob
hxv1w8t0ym@example.com,c4a30maNjL,fjjnhjsykl
eujz97cy4a@example.com,PwAa9v2ecz,sgfdfxiotk
vk77owynvy@example.com,iMMteQPBrq,rdxdqumlqj
jomxb8ioor@example.com,gPjfv9CD2i,eypzthmpai
hfc2bjwp6k@example.com,EzeVhyZTfY,fmtwxmhwap
9nypiiugs7@example.com,5RxIjfOPbb,mevvmobizq
bwqtqiujcq@example.com,IzW4blaURV,wyvbygymsv
xlhekt0ya3@example.com,XbT7ZfJ5i5,eptbrsqeot
kt8pg3vmgk@example.com,aXZMq6ydj2,qvttjebgad
jpnnh2jkns@example.com,2uyE42TRVD,xvzewjnjrr
to47c7j0xr@example.com,XSsPR8Bpef,bfxmgyycve
bixhcrbdn7@example.com,LdAi7WuKjH,npybazrphe
sz8u89hqj3@example.com,8ZfvYfkH88,htvkhowqih
18xcr1j2fp@example.com,yyDzNSlq79,gdlipxeput
nf3gvzsu5q@example.com,e7Kj4YzHmo,mtyutlhfyv
54teph0db8@example.com,cSVwB1z7i8,lwvpohgxau
h0c5vryk6i@example.com,78LKjZpbx4,gswibpqzky
rv45v9bsb7@example.com,XW8Nr6GVbb,pwmafcvubz
6nhqa6hd4y@example.com,vZoOgCRt7j,xnlzvvjqjd
xxam3u3jen@example.com,zPNwS4ufGk,xmcidjuxec
kwms3al2zq@example.com,EvyvpHbXlJ,osoqbhyvvn
fc69uccp1j@example.com,jabQAg55qb,zltpmtgnmo
bweip22bv5@example.com,Bs8kLMoUcp,xiikciffiy
itz3yholqe@example.com,neRrIpjbLQ,iesdwszvsg
wn4ajd0jj7@example.com,pX6qPZpgkJ,bwgqmvzyqu
xwhs0djwp2@example.com,VtjXTL1Zna,ajkwfhrzwa
b85unyezjl@example.com,a48EcdGkP3,qwxpbrtfte
h8ewsdv488@example.com,tY1SX32waP,dhybzfnaep
nsm6xbssnt@example.com,u8WBCJv3lI,btyyeeomxr
zsvrarnvn4@example.com,B1JbPmMtO7,rrywhytnvw
rzubzb8nel@example.com,OnUzRmaxcY,uoowbtiivj
hs2ip3ac9n@example.com,em8qEEW16h,trjcihgoyl
1b8rkbrqw1@example.com,WG1ybTfhhG,auojceibzp
fsf2b76t6c@example.com,prxoGbPw9O,tbqsiswrte
51bg8raadm@example.com,hnTGitIOsQ,hmypufrfpr
jqv31obv5t@example.com,DAcGpH2GFr,rvsvkglhug
k9flrpc4w4@example.com,ZQgYLb5QIu,mungvfsdxk
9kpiaybi47@example.com,RMR4Ly7SJJ,jqqmwpxptk
q4pls6pqy5@example.com,mQne4t2myB,xiweauqqpj
86pmw6jge6@example.com,CHBamgBKOO,uhcfrcbpno
8sfn69pbg3@example.com,V7IHDGrp66,ftbztcjgbt
rg4sjcrwy0@example.com,bfngNXSl1d,znpbutikcc
wkezfuwkp2@example.com,plTxZcDWEw,xuqelblyes
43whivnzzy@example.com,qeFbo0aQFc,isntbhrvmc
ofxhxf1eid@example.com,FScEJIhmcf,vksixtfyga
xvpq8g5x1v@example.com,OXVaxCSlyX,tkxixjkoyk
2ut83nh8t6@example.com,pkJ80FDQRV,yyssszeamq
yuvd9zx7km@example.com,5YmsMUKBUi,szwmrbvkqk
fj0q8lxcj1@example.com,QN78J5c7fC,cwymqyjyon
uxlhisi5yq@example.com,aXdJECFH2Q,merrjpadnv
1k9dhp4s2o@example.com,a0HGsuAWcH,yhczcbpqlb
p2r7gmvcj7@example.com,IU9REyhM28,mvqsuxqexy
niols95n9g@example.com,QRuLbE8sbE,cdvscuetld
l5ffldmoh6@example.com,vibchQJTqZ,hwmlsxwtnz
qe5swplvr2@example.com,wcQs1QZjNU,pbgfqhteme
li3dehd68f@example.com,O7H41HZ2Vp,aghhcifklx
7kcy82qlb8@example.com,yuF2MsLnBl,gbcfyktgru
3jgyx9bwej@example.com,1LX9llmjbL,ezaxcqtzik
83abbeezdw@example.com,yfhYXMm4kx,zrxdmaopdt
vzl6g472ct@example.com,yRcB1L6BKc,wwrdnivwiq
vlnd4coeyn@example.com,VLTJnue8gF,xhovpaliip
6ydo4v8y49@example.com,K0fr55A1kk,obuaccdkmk
9l97el4rgj@example.com,BmIXVSguWd,qkowtgcyma
xoj2zc4arx@example.com,8GTnG0rxxw,euicywpulw
lv8aiygrjh@example.com,fMApbixuCN,etjjdpupex
5dthwnhngm@example.com,3uXP58IS6p,xbbqdtfbdv
gg8u98ctmn@example.com,atyqUUyFBR,ubaowxcown
om4d99zs3w@example.com,rp7nDmtmWY,vtkwhxcaoi
4k4ouorfi7@example.com,w2LLDq402y,xfcgwbfvph
5jhwx5uv93@example.com,z7RDboCmVJ,kecapbrdmo
6i5x0gz52s@example.com,cr3MRk1SxG,fltqtbikvy
onkdjpw751@example.com,E9yqOiYBwC,xoawpwwyjv
u9fqdy7wr1@example.com,QHDz6zJrYT,pyhthlrxzf
7zkj1tf7dj@example.com,mY82EezbWo,syhqkctvey
f3sa2he62j@example.com,gaVeS8msPl,flqywsazsl
f68fsbxsfn@example.com,uTnVxWu1E5,wzhfcijnmh
lvl1yalptg@example.com,Zpq87Vw3AL,rwyihphtms
hlw7cl0fqf@example.com,dhAx83GAge,xvjfoidzmq
7g6x251e2o@example.com,zugF291olV,hterssvkit
qjncywyfjc@example.com,9PJlf9LHw5,roaeguicvy
q6kce0m0ur@example.com,5dE5aHDYnK,lecaqgkbdd
m7ot43iw24@example.com,ZDwhwxarmj,roekljjcbn
qcmuff6roi@example.com,rfDPB43I2a,ymejrewvrv
6xe2zhpjkg@example.com,pBnnJAPjMC,widrloejek
ms2hmwrb5s@example.com,lG69Lj3jHL,contkwcfst
1kyc540yc8@example.com,7kIo5KwpgE,kxglkocwkb
ao64meegx3@example.com,gdM6dLh4Mf,zmudvqihia
2euu5a9cyl@example.com,QE0LoZ2Rhh,gedndlthav
jb9j8x4j6p@example.com,vSjCA0Q2LM,nnmhqtpvjr
5pjbr1vpr7@example.com,JuDyprOF8g,ecovmpvnbt
8wlgf8fkab@example.com,icNkFrFXGA,baysqqhyor
yte297486i@example.com,1JyedE1ouG,ccoxhnejdq
ipp5io18vp@example.com,PDpwqBUadE,wxsmbhkshz
f44vifz7eg@example.com,pgU86Egu32,zgjtwllyat
88fylzdh9k@example.com,7M3zYXJRN0,yofjphkbjt
yalepqci77@example.com,pgFXFbnD07,gjjlsmszem
tbd2ifyhcv@example.com,t78NGVyPC8,dbvkkyvkud
05hjrc01jv@example.com,9NhhmtdEFv,vxeoigdunw
9big1y5zvi@example.com,0eI4EFsPQP,jsctwwsrbu
e2dhle18fd@example.com,RXKE7mQaVu,cozxhkykxq
ikxhi3d320@example.com,HKlQyCNCD3,jsbxoisfoj
334gr8bw4g@example.com,lsctbwd3OW,peufodkzfg
j8puz1qh6i@example.com,IaaIDdPs8j,yejlnpghpz
k6r84w6y7d@example.com,Q5iXycPxfY,mqlwuhhdwc
13c3clwgdx@example.com,kVUYIP99n3,cnywycrnwp
629bsibwsz@example.com,7UJEkoUPFo,ohyaofechr
30w0ljqlvo@example.com,xNTRkUYhO5,lnmdksqvlz
bxacpqc78v@example.com,YJyJ83YhPQ,bqiruwbnbh
ra8z89sb1c@example.com,MbN9qU8sLz,jpatlspnoo
92z1bhqx0n@example.com,htEnYKnIEJ,wxaoaahtji
yzf6dfr1a4@example.com,HXEkvQmn0F,ofsajvrpkq
79skw43d1k@example.com,oUgQwnbHpO,srswexspkn
cm0iysj7j6@example.com,6RaqDT5G9f,wylecerppt
hp37l9l4ne@example.com,IFNxKvAaes,siqzcxdesv
ihioelsh02@example.com,gruztO9jhE,dougzfidpr
bedembg8np@example.com,A4A3zEZdvX,puozaxpdha
6npv41bk38@example.com,KHeyrkmK2S,wuhyyzmlsj
igl7qz3inx@example.com,KIZGEwXKvX,kzuaxfhfiu
qf6p4ftn9g@example.com,WOAiUr6679,sfrocznkse
yl7zkwllds@example.com,uhPFb7UvnP,iavriyujle
9stqrrnbd8@example.com,pNdHovo8Ok,qzxxaebbhx
b0zb7kxkua@example.com,CHQEfg19iW,wodejtymps
uv7vvv7g6b@example.com,zElBTW8YyB,howntpaplu
5e5p3mwnoc@example.com,pMd6UzhrNz,horrdfnfxx
r9mwn4qv6y@example.com,iKl6xaJDkX,erfyffuzju
o91id99g4h@example.com,9szqvAtsQU,yvnsuvwpnb
q05l1vu2bd@example.com,YYe3ph4jHy,imkovflpmz
lckzpb0dzj@example.com,uGIfgAsZh5,lqywyjevli
syuc790uqz@example.com,A6CJHuGOfA,elddzjmcdf
mbms2s79o7@example.com,PM7n73VytS,zuxarikcxu
np5irx0cqz@example.com,mT7sm0OmPR,oufyuilvmv
etkz567g6q@example.com,UQUnpzW4jf,qlllnicxgb
5iu0g512yk@example.com,1B1RH6O9Y9,vsfztnlecv
fznnrvblvt@example.com,JGBnsWXZjN,btbjrnkxjq
0vdhegzn7s@example.com,b2b6XnsL1I,hkxyujhfvo
hql8kxy4hs@example.com,OSiTi7N3Uo,pgtxwijrdd
iphjpxejap@example.com,o7ULV92Z9v,sctcgrprla
sdxjeqnho0@example.com,cue4GTBJeI,gtjyzyrhps
s5gtsotnso@example.com,2gqbL4ISZ0,ipdxxrrrdh
p1pca31mp9@example.com,cpgOiHybGl,ezzvcgcrfz
639kg4sz5s@example.com,AeAZj5fWjO,jewnmhispi
1v7f6n8bcm@example.com,LT0ADazv3P,aeldbgwoup
h5l2nicv14@example.com,tYVXuSfYa1,hrvztwvkjj
kii3y8s4kd@example.com,h6f6FdRB17,omertdtjkv
zvfdaqlfoj@example.com,k0aO9b7Ngc,xbqhsfplpi
n460reofnh@example.com,HCpsPAgmEn,bvootmgbfw
0t1y3d5u9a@example.com,rT0O0ClfJb,ftmpgdtisx
euv1f3hoar@example.com,bDujsiy5MG,ipwaiyyvld
wy34uaj9ob@example.com,ghsLu8tp1R,jqkrctrksf
qdvtkxw5m6@example.com,Cg6gA3beBY,nrjvbrxxxp
47qxgk0a28@example.com,LRUWLMei4S,wufrlyopmm
5dffesyyu7@example.com,QIGJtCEirT,tnqfoflwom
e6ggbycb09@example.com,n1OETc4dZm,tervzgehbt
9mtbdpgwwd@example.com,qpdSkEooFY,mjexovoskl
8wpbe6jk5x@example.com,TV9Qq02v37,ujgkjyksgl
bfvgvrd0cb@example.com,gB6uF7cDfs,yjiuccxcdj
sa81ozveap@example.com,A4Hk8X86Zq,xxuryegupt
54yvi5255b@example.com,mo9GHaSTCo,dwafvjvblt
5re5m35cjr@example.com,po25DS3IyE,hudrszcepp
prcym3ia98@example.com,vXS9prJLbV,ezbxauppbn
pzjgeplqyk@example.com,XMUH3tuXfP,cffrccwobh
mnsd30k2d6@example.com,67PxkBfZGX,mkpackumun
eneyj3rild@example.com,D8uh8v11We,arwowobded
i8ts1f2tua@example.com,XeyPj4iGWN,xsztbejfwq
e5t69o1573@example.com,knKudbRlaM,miqvxjhixq
jt9ib5e58d@example.com,mn40HQ1Lcu,wdpnddvfgc
4xxm1j3vtj@example.com,k3RZ6xaYXK,hpqspzgped
6cc15uf0c6@example.com,Iu7xuO7fgM,aewahgwlyw
ysknl7oepq@example.com,Yg5nqNIXXq,fkyajtwbat
do6xglqhzb@example.com,bOgoOZU8Wm,skitvsstjz
pf0vb5ubsl@example.com,9rbucxCPLT,lxaddvyfad
ee8pwlcmry@example.com,ok7HledlKn,dyxupwqdop
2wlgqxtkhk@example.com,i8DzRqzBqv,crmxvnlihk
4d4x3z1tml@example.com,qfkp47PKnE,tekwpzthza
3e3vdx3ezy@example.com,tJmd2CZ0z7,bfrkydvumi
api05uerph@example.com,afx4F6K4K1,pgqrzewavh
n2x1pw2k6d@example.com,acljUiiKZ9,exxrefrzst
smp8lucci6@example.com,0RiUK8BAYh,ffdrfsfwho
na0dge7ug2@example.com,B74qbjfdAt,jwlmedcmwa
pcc9fqp173@example.com,pPLkVNNTL7,cqplbzosja
s80hqmvkwn@example.com,dsoxlinH2u,bfoopwesid
ebt2hw31v4@example.com,kFFPjrVgCc,skpcewfsxo
gjk24fd6t7@example.com,OPmsaNY6RF,bxoarsrgrw
avginko4iq@example.com,s3tdtmuHWN,ivwyoijuqh
99k4bj5c3r@example.com,9z6Lgr9VgY,tfbjbebtwh
zxorxmnutb@example.com,sOrcAqLK4e,xgfpyqgpmv
uln8wvfz7g@example.com,O0bt6AcSXf,rqslfhmgdx
k6o8jhsalm@example.com,yto8ykQgHH,uqshcrgcso
53a828ahew@example.com,Fnc0CpovUU,kcxfeyncyx
wmeucdssja@example.com,MwX1IzoaY4,opkbrubeuj
k7gbumcp9y@example.com,hQQTGcgBvY,havvranijm
9k8wzjl5s5@example.com,fY7P2ZsCPp,ahqfnlsbve
k8bj15h3p6@example.com,gK07HlCJkW,rzunlluucc
relk0kqolz@example.com,otlRl09HsU,tkrsekxorz
a7pexk7fqb@example.com,ITNQ7XvQ5D,gbcwemxxfb
qmk0dqtnig@example.com,XIxAn8L4ZE,jeygcasxcr
efzgkqfmo3@example.com,spob9oUVrg,rgajejbjep
uj7wtny0dp@example.com,qgtWLvEmAW,odwclxfbon
u44vonyhot@example.com,lUuRahHc4P,ustlltshil
nof6h13hn1@example.com,rfwORWptoK,iinrxauudr
mppzyn6l2y@example.com,u0nXgPUNAs,yyfiwawijq
xqvndhv03d@example.com,iOFJhmzOZP,udjweeagla
v4b6r6krvc@example.com,lGSwQQZRPq,bpuaqftrzf
3g0qntmvpu@example.com,0seIDnXQPZ,psbzqhpruc
l9qzh5dox3@example.com,aFhdhL5FEM,mtsefoddys
kynkvbbdms@example.com,bHgFejqL5f,kcnbmolhrw
63a1cs83k8@example.com,4tLZsKHpt7,tkeyhxllzx
h3mhyltysf@example.com,SJ5DMRmnWh,btaxoiaimo
dw8krcto4o@example.com,YBIq0YXhwd,pmnnpzvnko
lysufcwm74@example.com,nk0XMoytVz,vfbxgmooey
jb6h9jlzv9@example.com,S78Su6g4Zz,pwnzqnwvty
lct44736v8@example.com,hIWoZkkpOX,jhphxjdjqg
j2up1o4am7@example.com,t7HrD59Sp7,iebuxtghra
wu52y527fp@example.com,argjR1sGjg,kagszftnxx
6xu5wnd7wd@example.com,X7aHfPWl2A,unvegcpljt
87chqktnb4@example.com,Oqw3WyO1U3,enfwnpypue
7otf2ewt0e@example.com,Q1hjoiRuPK,wmlbaytpln
kpam826gm0@example.com,NTsOKmn9rO,xyaczzgrym
ikp3jbly4l@example.com,Q8v0GhhBBW,jxcezbvgtx
d6q3bshcm1@example.com,uo97u5W6iA,jxulnlyogo
uh4ze1at5s@example.com,MgewlHRUC6,txmjnkjwnj
2i2ifkaq1u@example.com,eI4FV3k7KB,cyixdsshtv
ggk21pgz82@example.com,Q0JUw0qgEg,wbvtzmwfqt
jkvijdiwyj@example.com,uO2Qc2lTLC,wjyloovsme
h7zkp3ubzm@example.com,0XJ3VwmB5B,txhebqlenc
dxs2e13hvo@example.com,4DlGXZuqZM,kpqptqsckk
nn8e36wdcu@example.com,D4FRZVrSIE,vhlxtkaqjm
l199roluvl@example.com,S5iYCuPc5C,plapbtytdd
mlnnijjm9y@example.com,fwPvJUWFvo,pepbdvxfrh
ej9b5p4a1z@example.com,aFV28QKlGu,zolmzbowqu
iqn61086q1@example.com,ssnAsRHAfp,mpoirjlwso
gq2rvjob0a@example.com,3QAneA1GGs,jshfurphot
8nieyn1xw5@example.com,zxNy6q7Fqg,zqcjolbday
nuxjpvt22x@example.com,0BCRTaNFal,ekovdbrefj
mzjaol5y8p@example.com,4gQSHT9kdb,rqppqkdcgs
40icio996e@example.com,CPHJWZxXsx,qreayqgffs
9v2qdohjs3@example.com,w01UM8ABfs,eqzngfuark
eyp9wufws1@example.com,AMidJw7WmC,unncckigjy
50iafjteej@example.com,okCWyX7pEZ,fifiotevas
6kr4wnqfmf@example.com,z2lJTtm3Hx,mfdczapyaz
lya6nz64x4@example.com,ZxavxKaPCE,jcqkpvarnm
e3j50ovqrb@example.com,IWLYmLElwN,pfivqqvsqc
b9ymwr4qv6@example.com,2ZGZPLUFLD,yhhqdvfslx
cwtd1cdlin@example.com,hdyCX3NJ5B,sclnmxzexr
ssi4b1zcc2@example.com,okAnYcrS2j,pcxlpohguo
uf3i0aqxsx@example.com,JrGEmTmLBq,hjzyzuozth
nivcp1nwaq@example.com,SjRQQdlp76,eaflvtecgf
nzss44jfif@example.com,QeFfpo5sGM,pqafvfuxkz
h55vq2nrld@example.com,RIHQ9WBl3M,qshvctijmt
2gb4rw2de5@example.com,VH0wXyBqUG,kkpchdruxc
hqhg5rnwdm@example.com,Ad2ONSaKPA,ttnupytzye
alnz4ae17w@example.com,u5ufsV22Ki,uqwduwbpav
sq6hol6tbj@example.com,iQLsy7VxR6,axjwsjhhwh
0h5dwv4pd1@example.com,KvJ5ypPWrt,bzrrewkudc
hwy1y98yg1@example.com,wBcE7JkCOa,hmwdwewqab
dkhtsdvdeh@example.com,vG7MNBLwpL,vxsbccseuy
lwlw7412z2@example.com,pD5GbNVdEQ,gtlapiexlb
rkf5caoq0n@example.com,g7o9d9js3N,hbazwjiamt
cgsyuxj2lp@example.com,29v9SlgO9Y,eulhqlhfae
h0cfuz9z5w@example.com,wf5S1SK1Hf,kgulfrsssb
zin5hz2juh@example.com,H0zJZQKGvb,vtzxllngla
eoz6tyt4jk@example.com,ybuwcVUGmQ,acwtpjfuse
55gy6iw9s3@example.com,lIp9QdmnA9,oqmyiqcsxr
nyhmqfgmlu@example.com,55L1WHZLPo,chfqurlcux
9td1cuv9m8@example.com,7g63O0mtV4,zzikwoqhys
hcuddffhny@example.com,Vo8WtXqG9I,xzgugatrsz
ehlq1d87l8@example.com,SylJZcdxkY,wtfkvzbnqc
h8dr3ug6g2@example.com,bBDugRNPBB,grsywfwdwl
ke75k9om25@example.com,dHutFiKXPP,tthptskrio
x9bm6b2g33@example.com,abUboKmCmp,uskkrjgpwa
rbxu830fjq@example.com,5EtyUNHSOf,luqksgzsld
1q5x67d5oh@example.com,lmo1h3hZQQ,jocjysekkx
h02dincnwb@example.com,AavFSNvVAP,npcsxndvrm
vtdwgen789@example.com,YEK1Kie4QL,hutcjhiqnz
xk1go2fy54@example.com,dMGR4ogDAx,kwgofmvqsx
2f6fnaq4uh@example.com,SmsSssb0b7,adqfhynjln
tig67ast8g@example.com,tEw2TrZuak,hvgmybvurb
5jwtggnwo6@example.com,MEmuvQVr8k,ktqjjarkal
53mbuvw6i6@example.com,2AvHUjqCM2,tjaewaknbf
8q3l8l8jgo@example.com,WvW60zCxjm,ejsdwqyyum
0oy08qdtwg@example.com,hMiwo6kSdx,logrkmucfn
tvdip0fww6@example.com,wdg8GHMLW8,mnckbqytlw
xe8j33uap5@example.com,cTG7TOMTII,lyjkhbdity
uy8yddt09t@example.com,78ARyfNk6r,finjaxdvqv
upgg2wq2o0@example.com,xgm91UJHVc,xjkqjxkvjm
y4g7gvt2v6@example.com,5HKsJBB4Vt,sljsciqtqd
mmv9rnav4l@example.com,uWog0g8Y5U,qccblproeh
9p9dxapk6i@example.com,HK4nKk3WlA,knipdjkazs
dspdrb9vd8@example.com,C77oHram26,sptssiszhi
b7rp9jj6a4@example.com,PLxaER972F,pypvptzyen
9low8a8zsr@example.com,YND0maOnBn,ryyhdrsdzi
hb9znc16lq@example.com,qZDCTySERE,vsrtmtgsme
ylx4sswm8w@example.com,KeGmEYlYOz,bvxxtfsbjs
majjte0cqi@example.com,PHOrgFuKQR,sahvtwmxlk
5wl1nyj36c@example.com,rrVprduLxV,ksigbopnea
5vv4fvokxr@example.com,XOAUea5iNR,rzxtobqcwq
t9h8dyrzv0@example.com,jG9DR1Gphl,fqcovsjknk
mzz41dhl1w@example.com,DyquRsSDqf,dwpfnclcmr
kzzlpdjips@example.com,y2MO9bfSST,ynypkxeiuw
o9oi1m9fy7@example.com,XuAXdKFu1Q,lijuucocpa
jbz3g4bl4y@example.com,XbUsaDIJbc,otjbbbwscm
3yyqtifnm0@example.com,APdf9W2l1r,izyrklutbu
sj739u87jy@example.com,LhLFx0tzbx,uzenkjszbs
fhwt741d10@example.com,TfYTjaiOxr,ecemnrlexv
6osi789q09@example.com,0Bg9GIRLww,aavuernnmz
l87rr0p1c4@example.com,n62aQylhb4,ytsyhyzxbh
3a5pybkxk3@example.com,yJIfdxd5GG,ckbbujkozi
590a0pkkn9@example.com,wNOgvzghNA,aydbethbti
j9z5pxnqlu@example.com,tcVVcnVPuy,tskvwnolwr
528np0nryd@example.com,SB63M0Aq8g,ivfdkhzsqg
8defn0yt44@example.com,pUiQAept7c,ikgglanpna
h7pkoy6eht@example.com,QoigOOU7iw,mkmvrbfqlp
w4604rwcht@example.com,J9fSpfxe7f,fufakisqyo
2d0muacnoe@example.com,E8gPZQ0okR,wvqjuvexzp
spo82a9gip@example.com,4rvea5PL79,vlnilgelxp
nex1gektjv@example.com,F9FK2F8zvi,nyvbfgfkqu
lbww1omuaz@example.com,NfbOv79g2X,mnbjzhnadi
eqfhhdwi8k@example.com,v6KhvmKHh6,feageayold
jc96utuu86@example.com,aNeUwQ7lP4,mtfiigccwn
gv7y720kg8@example.com,GKenPngzqb,sjrvstbphs
xeyppb876i@example.com,e6GMLegc9d,gnpmpbrxre
tnq2cngaq7@example.com,SIM4kh9GwP,fkflzjnzwf
4lzcr9aps9@example.com,xHX4KzINWh,ztqylcnnwj
ks2d49syc7@example.com,SgLIRa5KhK,ovluvuppyb
rp24tknp8e@example.com,QlEkARf458,dcfkzossyp
pnl6m93veq@example.com,Tl5y2Z5it9,nfgkhpwimp
cyhk0fr0sv@example.com,VZhazZJFm9,zunfwozqry
bi48zmhfx8@example.com,Qjdw3Mw5De,oqngrqqwta
lrsb6o2mpb@example.com,rSVpZQdngb,hnmnzamdoq
7c0s2zxnhq@example.com,bxsPuByQbX,dmpopmfbwx
7f6h513mn0@example.com,trytiJkCtZ,kwcoeazjjb
42jft5e8w2@example.com,SmH3FiyeN5,emqdecgcbi
0wm38b131a@example.com,S3ESfBoaXK,qutkxffnxk
jfd0ef9dbp@example.com,QLznU2aL7G,xazqczbamm
si6fclcvnd@example.com,6vLPX3zFgy,mdjrbvhcaq
zzlst54kz9@example.com,DZJsInM6EA,gvowiimznt
dmqa8284rf@example.com,ILiOpHQE1G,dpousxtlad
79d4z57294@example.com,MS1WoWje7q,qrqetrntzg
jlo4i0viqj@example.com,5OXrwdnVjw,hrybuxoaov
n25wn3bsyl@example.com,zIaPHCNujh,swmgcinbju
cdvoppggjb@example.com,qY4zYDkNmr,nafawqwgbe
oxj865cc0h@example.com,bqmQMH6t0g,ibsktxtbgv
hkr6b76aid@example.com,RnTJTX1eYf,aqhbzvdstu
e4xb0wkf1z@example.com,aDPNN11xHe,foeykjzbah
g44b072gtt@example.com,oAZfVhOip6,vphvfflpep
02ggph41m7@example.com,HCoouNHUdT,dromirturo
3vy4tque5g@example.com,8EWSDxUMRh,ihgziaouob
2u1br4nfm9@example.com,SrH3E2oh5r,rymtujdvju
594lszg00j@example.com,9ycDlGsqdp,uswdpjjchr
u3u1bkrm0y@example.com,xqeXrTJqcR,dmsiuqldla
5o2wospi8u@example.com,uyQZQPBtRA,vjesmvlvpv
0n6o8wnzmq@example.com,G9fnrjbN9X,nwzxzyeieb
rdjrxhqkdn@example.com,9D3IKJ95Al,eolzpstbxt
qcnpc87zed@example.com,2KJfy9REjs,yhricxejoy
g2nhoqmkmw@example.com,2tqPMVQOf7,patwijvkih
s2w1pexh2c@example.com,ILnN8WtFxJ,doznmwcfjh
ww3tdtnq31@example.com,xwt2iQsNgj,xoirxnbylm
qr4lwd0bfg@example.com,FbfCDJua7d,fzmrjgdmwe
369u9wdlqh@example.com,A2iOYMn2mm,umngzfdplr
1naiyjbgag@example.com,lGxi8YiF1K,lqyzjsksjs
o7axqbypza@example.com,vq2plbt4v0,xqrxqvxfqx
r460r6r6iq@example.com,UQ9eyiKSX1,javqqkvrwm
vhdbuyh6ef@example.com,RnozzFtKnd,ihrcnslmzq
iktgr23ss2@example.com,kBES9zzvx3,eacunfyjhc
5hbh9z7qxq@example.com,zCUDYsSc22,txbygpztpg
zndsz590s6@example.com,jAaP0s9giB,gtiapctxqe
9jxnshupxo@example.com,tO65cMVLGx,kqsbymvzha
b15h00b40x@example.com,y5WosVKNJw,edtplwpqgl
rrsp41scgc@example.com,fBl84id8Po,wjloahgajf
05r3mhotn1@example.com,Y7hHJasqV4,frftusemxe
0cidafdm09@example.com,8DesQlWgDN,eadyoyeqeo
ycxb67aoby@example.com,xqyX8jZu89,xibdlrqadj
qb0xxax6wu@example.com,XEFHYQdsHT,nagbevgvnb
3901dzuzmi@example.com,kY3SAXyK5W,ovyqfejlea
tya6zdv7ud@example.com,CpG0DiyWu6,qibhcptlzn
qnuava2fd0@example.com,xBVxaFpDvE,erahzdfgcq
qdi8dxjs6n@example.com,h0MVmVCxx7,dbnwslkoeg
1az5bs9uyz@example.com,OsGwBMEmIZ,djxkmbugjq
8lkqlklekl@example.com,Q572hnOQc2,ycgysdaihs
xsuh5hhay9@example.com,ob7rwoV2Hd,xxuhitbuwd
71bnsrigb2@example.com,V79bq7XWI1,layymbnbuy
mb8q64yp4i@example.com,FndimvYFfP,pxvfflxpmy
7xnjwvttgp@example.com,dHX6nKTV0j,qvpeldzclk
8b2kuzn148@example.com,EZEmJByQjB,chjtmohtdf
w5mu6ajfq2@example.com,609SKc4PSo,ihzmflqedk
e1h43eajmh@example.com,Da2SX0Tyry,wbkwecqmcv
e6urrq04nc@example.com,4IkRNOwWmF,fzcfpnewvw
5aml906k30@example.com,eQVa154bnS,vcvdzxgfgx
gwl319rlh9@example.com,fWjBQUQbHF,uuvzgxmenb
ruaoo0di3m@example.com,pcimJB6gKX,msyodjemjr
x15d3va1z2@example.com,aQtH65dcr3,fixzngjvpr
kbzw1sxf7c@example.com,6Xrm3A862A,klgyfqwkmy
oqpnstk9t0@example.com,r7avkOWTaD,esimvcwqmo
k4ym5k7pmw@example.com,sLm4rsOuy2,cepmrppcif
omtg7hmjl2@example.com,iuGi3CwuBR,scfffkpkdg
3ynbien2tp@example.com,urkXKWGR5v,fxjutxejeo
j107gouncr@example.com,GSJMl0FBzl,vogrogfbpj
x0zto1uqoh@example.com,78qhKNASQQ,zsvwzjrdxd
gabccwacxe@example.com,WXHG2MaaDv,ldkrkqweqx
30n586y1o6@example.com,mvbDOXjCxa,zicxhtnkjj
sceolvercq@example.com,KVPahwvmbD,zmmukhugym
8kzd28va1j@example.com,tiiEJyrFq6,qjrcdcdwwv
vttr7e591s@example.com,0eQO54Uk52,lkjbjdkugk
vif7o3tfuk@example.com,8mqqtcIT6S,knxrmdutre
cwrpa6n7i1@example.com,4l7wvr84gG,pvlvroqnyc
irxph4gb3q@example.com,FY627pVsRz,gddbugoetv
fgy3tnm2w9@example.com,9CXtbcIppX,eqzxrkhwnu
4bmymbegkt@example.com,b5TR3yJlkA,ltllqjugbm
sucj133rs3@example.com,YeqsG2ZLmu,raqudyiuan
avz7ijk3ev@example.com,iDyMVtmuKt,szhdxebzif
ii3vn9a2xf@example.com,go3pucHRmt,uafuaeuuuj
u5vqvdjkcu@example.com,yTvzyLT1x4,vpwdvvvmob
luy1dmr4x1@example.com,RiagpLYUqV,shuvaxnhwr
8qc4qvt74e@example.com,kdTCntGsQf,npdnlmzcdb
huvzejqwkf@example.com,bzhsEyJbWo,aaxmuyeajj
lt1tbf8fom@example.com,GoC8wXua1a,efrqqelwza
p82ibtc06k@example.com,AUg4IeX4c7,jpjlhjvsww
6hg7ba9jpf@example.com,mokH6ceT0H,woymbrxruc
jr4jp4yjw2@example.com,mjhVTokm9U,fvjgpckqsh
yj40z12vuw@example.com,9yHMlqmTzi,gsgvbgumah
d2yrjs4z7j@example.com,Ep40cKKNCx,feecgqenmo
5ksv575j3v@example.com,N20idg6hN0,gwsearzbfp
x8zd43mxj7@example.com,MN2TC4l12O,euvlfvnqcg
zmg8ahq9ga@example.com,h9HC0USq3s,dtftfjcofu
zgsfxt8pp8@example.com,Dwd9CGfdqE,lkmdxuwwdm
pcq71jx0cn@example.com,dhEY6SZWCv,tphnenpngv
4k023t8t78@example.com,pJVa6uYGLx,uwkwwbudeq
ncampjkki6@example.com,Hk9YNq8DCV,awvreuwfir
m15nfi8h2c@example.com,T7HJ66pQgn,wbmcfaicnl
rvw0qynnx2@example.com,m18l4t71P3,thctpptztf
07fo5ssr26@example.com,LlT6a5BqiH,tzdiozkdod
9omy5gubb9@example.com,hfcaGfnfsc,lmwejdgeqd
iflchpjcq3@example.com,yQpGEjQFis,emphurlrvs
39vbwoa50c@example.com,V9UAgZYgFo,xxsiajjdyb
gv1n9dhqr5@example.com,N8U1kQIdWi,vnmmcdxlfl
oae5v1lg6q@example.com,ODBvsp9VOR,gohdofetbq
bbytal84xu@example.com,iJ9KU0LKev,sxlwlebsbb
55jwwu3224@example.com,boefw2hRpm,iladnopjhw
c2uot2ufbu@example.com,f2uyn7u5aB,miinwrofks
8vmara9iqp@example.com,aKhfaVrAgF,fruqlloyuo
w7fpk6xgo9@example.com,XZq9QM1a4Z,ztkkbyedjp
c6y3bvfqco@example.com,Z3rb1kTtJg,wrwqizdmlb
04o1slynv6@example.com,JQNTlZ7WOp,ojelcdfwfm
48dnxgtafb@example.com,oFkFulFQtD,erwroaadof
lwk3aoqa27@example.com,Ee5M1Whw7y,apmonmxtuh
3123ddexrc@example.com,iojxq1Ojpy,qpzdiwednr
t1q2lji3kx@example.com,Xl6710RFqU,uaccexscxl
bt60tuq5tr@example.com,eXVxc9mpz2,sfssrzbvik
dlfxupw81o@example.com,rF3x3W4cu9,wwtungraiz
ewiz2dlaju@example.com,gpmeYAKegy,dogzezpriq
3ifub32wg0@example.com,IodAMNR66u,avgzacrcqv
5n2zrm1gfw@example.com,1J1mRjla2p,dngdxzgnog
vwnmhy8zim@example.com,P7lbmqIoqe,wgmhkpraps
giqv8w6f7z@example.com,0QwmKBDIek,lyplxmfuva
kyj8b51xc4@example.com,gRB4o3h9VI,yvozlckein
pwog8b3vtp@example.com,SAYbmNCrM9,mjbcgdvpdp
qu0i1c9d50@example.com,RvNHHQQA4I,lwrheaodjk
z1l0mxjk18@example.com,G6CTbdrcZc,ryzcqbywff
8ioo146f4k@example.com,njczJcw1x4,ggiwtcbovs
o1cw301nh9@example.com,l7UjA8uALu,eieiobwhig
1btz0vcsog@example.com,qHvnogeVdM,urcwurzxlh
i9rgagyx7b@example.com,BOZRkNpE7M,xbpveyqjlb
o2exy7lr5s@example.com,HveR1mr4H5,tpxvlclhnq
xwqayacre0@example.com,zEvx747Yzb,jqrvjubtjj
xcxj910x80@example.com,ZghW3bVs4s,uoydgvymuy
902d7329or@example.com,WkKdUoxnYs,mnugvqjiwq
fe9mbwxq9l@example.com,DpHnrMm6lp,emprtvcorz
o4murrs6k1@example.com,nQi3cE3GxN,hzhdchtfyb
0m43jqkhyp@example.com,tcpP42vrmY,injjjstwtv
wwmpc9y8x8@example.com,8YSUVD1PJv,bqgodnmwly
uisfoq0xd2@example.com,blguaL4rD8,jbyfuhxlvr
mj1577yh15@example.com,Gl7bxXEuCO,jheczuulub
rsy9e5nq91@example.com,GkHTNQHKyr,pllqcvilyq
9w3lrk5xih@example.com,XaKASEPOye,gekvnqycnx
8wxk6vl4ag@example.com,aLDg1xDf4R,edbxjzuqyn
dj2nlhxgrr@example.com,lovYKzH9bd,hpeekjytbr
dvy25a9iib@example.com,9ISEwah6PD,inpatbacpw
tqgndlg2af@example.com,MWHqzWDHVC,pzdzfreffi
0dizv150cz@example.com,VluThKZryA,irqfwyjqxj
ujx3kxqkrs@example.com,p7R0YZkvIQ,vetinhwinx
03ahzi7wmz@example.com,7oQrC34bZ8,rgkximksrc
4xwzb08aju@example.com,Dzx3YccGMw,mqmpfuhksf
ykzxesqt6t@example.com,Qu46yTr3cl,wdapjyqqhv
1eamj1gsls@example.com,X881kdLN7d,lhwhzrdcad
idh8uvi15k@example.com,pOSpQjXFYE,mqadbbioxy
w88dwhduma@example.com,sIWstAiKr0,ecysqvjwqa
eaowycmyfe@example.com,Fq3Tr5gpkg,ooltilduqo
klwbw37st7@example.com,m6VzONakcU,twaxqkezzp
yun23he8a6@example.com,jewnsA7KeY,fefmucfxvv
dz9m9qu4sv@example.com,4zeJoAu7WP,otcuqlxbqe
xzc5lv1l0q@example.com,jQ0wuo5q5O,iektxlvbew
gn5p9e6agw@example.com,NEUY65agIj,ddqubsynke
lzmafjd6m2@example.com,ucvEoAamF4,tarchonzrs
n2jznd6pwa@example.com,SNY6P9mgnV,vrbgxegmqw
aq07d01vby@example.com,mtuLjT9wjj,rzksvuivlu
z9e0ab54pm@example.com,7wYJRwEtB0,tkxjpgkjpi
9wxgz4zn9m@example.com,f70Jlwebx7,fszkamktgi
kb4cnt64se@example.com,0bWfAp2Ymj,mujagwseop
0h7yrqhx7y@example.com,XrP7nZYKyY,obwxudtsge
55jp6p5cpo@example.com,ORbiK75Lk9,gwcurpyviz
qwo373smf0@example.com,bLoF1XWAoL,kegozmcecs
2d11cg58ip@example.com,ymTmBkqjJJ,dwbgsvuxwq
2t1zik87ee@example.com,8iLsmzb0Mg,uzatcwnpqi
61mcea910g@example.com,H2MGhqBYOI,yodcrmebkb
mgtggwxpdb@example.com,wEZX9En4m3,msiodwwlok
7ngane3nu1@example.com,qAJxsEZtbb,dnpzlbucnz
kenxddohxq@example.com,absIXEuEE2,lsnwzfypud
b2hpnejrkk@example.com,CEjZac6Mxe,dkfqbezuse
wqegy1bv18@example.com,DUHJv6KK8c,bavrhhwtxu
mxauqn63vi@example.com,1ANyCHN9uY,hhsestwfry
ryc5yr2suk@example.com,MbJLuEvG7V,rowfpphszm
wccal22ejn@example.com,2svcrTEWaq,shnvwjuord
1d0dftgywl@example.com,ixApBgzk7m,csfzelafgd
cegkihtucs@example.com,hC3MAJNgF6,estkvbalma
21mzd6vhg7@example.com,9hHHOzloVm,oygjppvhit
ku4tgoxvuw@example.com,ceCxSshlnr,kpomuaevdj
v57factde4@example.com,AHiyxL1C84,lereqcxrsv
0qu0hh2tne@example.com,grQhrp6o7I,trthgkysxy
rcl65kd3ka@example.com,jZSQKtEkMq,efjwknhhkm
c3dat90p87@example.com,Alnw4rzfvd,dlwiknejjs
unf1lw22ij@example.com,Kd5CnBq3SU,mpxpejfbhv
pjzhb73n64@example.com,ySKjhBNXBx,eqnpsagepk
innuugvw07@example.com,KNQqtCjEeQ,rtwsduclfe
442zaefnu5@example.com,7YG1f9S026,plrgsxdsri
hqpk4i4y8a@example.com,NQyGC0v1A4,rkamlkrygn
53z5njxe31@example.com,OKqrGUbamY,tkiuczlqws
qcid5yc9xz@example.com,Q76NoHLRa2,xskbmmqbgn
q5v4eofksm@example.com,LLu3Gvm42V,idpshwpmgs
bqge8fw943@example.com,VIZtMMRPpp,ognjiwwbyj
bjiw6skwwk@example.com,pBTRAqrxGy,hmbxudetyb
mkm6yg246o@example.com,rMSxovDjUk,vczcospbyo
teujunoiza@example.com,WEEzkynKtB,jnvqvbdwyv
lhk3c5xuac@example.com,M7BT1gxeCt,zgkrelcvqx
hrqumwhw0g@example.com,ILawAjSOXW,zoshaofwox
p56541eovb@example.com,jeMYW3n5jO,gmacgewzgw
v4px4q2jsv@example.com,L0tourC0hs,lpuhnjtggh
ugfi513k0q@example.com,5UpKc5SNth,uhuyvfjjxu
g6yoljfk02@example.com,1kw8TljnYx,qqlcvoozta
o4rop43qwi@example.com,fsiVWFBjVt,gjquhmrunv
1jvylf25p6@example.com,bQ3gnkAzQn,blpkkxhqsa
lpz7qjkus2@example.com,dPVhv1F5r9,urmrxubtqv
ga2xv7rdq0@example.com,zE876NUezH,jzchngdzrh
xcybaqqk7m@example.com,10medugXG4,rvzjpfizic
as7tknzrxx@example.com,TXmi7R8p7K,pqszdwuiir
ij7slxdxrj@example.com,Yrw8JydfpB,aymfdfjlqh
u5ahfnp250@example.com,z8KybCfTbL,ujsbzcshsk
opm0vo5p7q@example.com,8JymC5orHF,slbsvdbegc
6dii2qt1tn@example.com,6NepgOk7dJ,ecnhdlhxpq
ag40poxlpp@example.com,R2KPnSv7Hc,issacmqbow
gf9g49t2cz@example.com,hn30IWHUhf,nhkfedqfkz
ier5a9lb61@example.com,oC1HTgoqw9,rnxuxmiblk
liwr4znnln@example.com,Xb5KLQx4LA,ziqkmjrlii
7jtbjmpp40@example.com,61KPnuzDRc,ascibdmcea
mao3ul5pnh@example.com,nMe7I8Y4ts,pjmvhqphep
c3qjbexvza@example.com,vNcI0o9qkU,cjekonoafd
hpsj1mt9kb@example.com,9yRsvqoTF7,axteldwggq
goc5fyvgxs@example.com,8GijfAx59l,cwdpchykqj
pgqmff2zle@example.com,0pw2TeWxGz,pbnzjiidhl
jiis768d8o@example.com,wXy3xnbtsj,rudhgtrmke
vyvccaetfp@example.com,BACEjEHyKA,qmqkvwnuue
brxlyf17w3@example.com,KpfSJcnv1P,zvyvyvusxp
qthyhkcdi4@example.com,KMecmzM1Tf,nqyhjqwmeq
8vfdsf8xp9@example.com,qFaaPNMRJO,vmedewxzlv
nt7ntxyum5@example.com,wKEyDsot7n,xzzazkhjwl
sm02g35e5j@example.com,V3YdckFsDn,etwuzyewjf
moihbkepmm@example.com,Twm7m43tGf,yfmsgtkalk
e7oqnr5oza@example.com,UqLq86uYpy,bvknmtczdh
peo1vudzwn@example.com,YUazU0JPBI,vfyvopwqbt
7myzbf86pv@example.com,S9pkfNj9Nt,gxrgjappzd
a5ld2okzm4@example.com,e33EaRlsJ7,ccdjitjchx
050mrgjj3s@example.com,ULzBX4gmhm,hoxfdpzany
gm7og5jkre@example.com,icrFJCNsWY,nmkqlfkafv
wykkqiyrhk@example.com,xAq7s3XHZ0,rcvsvzamhv
30pv9rggvo@example.com,92JorfLTDp,lwctfvjfjv
vzzhbmsmqj@example.com,v6fghsoxcj,bctexvuiei
uduskh89tf@example.com,tAPZ2QiMGm,udagujfmmi
du4d21fzib@example.com,dKvLcdH6q1,tmpcbdylgk
5kvnmve15e@example.com,SwO2Kp95m6,xomjbgwuuq
dikxbz1db4@example.com,ohhEWS4zQ6,mwaxjoinls
kwlr8zj05t@example.com,ryEkdThxtt,tgwlowhdxo
rd0ns09j1g@example.com,lt5mCIV5Sr,ppszhtinrd
8g11qttg90@example.com,zc5LkbgBTF,mtadifbvbj
66eon2ruw5@example.com,EfXjltpRGL,qbemwvnshg
8m1ic4q8sf@example.com,3NK3kYZdQC,olquplsedt
zgbjkaghai@example.com,CYV5bL9ul2,pndlwzmgll
67o77jcn5k@example.com,99FVDawRxb,oohbjzqrds
43uvcbwccd@example.com,H5eVD28Obh,alzbeliend
jvlcx1k4wj@example.com,cQ3pJxqx4l,kvuopevvbj
n8tjno0p3z@example.com,E8VglwFMY8,xtmcrivggp
tlwx1aphrb@example.com,i1QcckFMju,vsofgbhkmq
ps0mr954k0@example.com,O2BruyCndb,oxakoqcrdk
9myoogaw0f@example.com,xoyLNBSTu2,lyjhjqxiwe
42l05i1r5j@example.com,XU9Ec1GIMi,zmaxansvxr
vbi71bhqbr@example.com,ULQUBcYTfT,eqhjlidezq
sw93xkkxik@example.com,dKPvbWBDQy,hdrmcvehft
u5otf6v3cj@example.com,cdONhneS1b,tkywanxnji
7fmagogbpp@example.com,wWDWT1mL6U,sbfyjhekzt
ejhoh6k76q@example.com,FiWVE7WyOh,fisvoffvel
f2yuf3o3y0@example.com,NVWldRojPw,hfmzztglfl
jdludim6yd@example.com,1u1k0maT3M,xtgqibzfdj
d23nytax5b@example.com,cezIPbEC0p,pydbaqnhzx
bm5g0uu1co@example.com,KNLkRTOJ5R,mamlehhkmo
2qpmx4nddt@example.com,eOwldL9ZEp,rrhloprwjy
ygtm6r9cky@example.com,Z5IsbYdOTe,nftefbkqcw
asdbao5k3g@example.com,EQ7KKcFHLV,ujotqgodmk
kigm9wpe66@example.com,1Ko4fSBD0P,lquiewkami
ecjesnlht4@example.com,vApo1jJDgp,fuqntbgttf
kmuas4rcow@example.com,A3A24aNFbA,iqgahukxsw
tbikxyu38u@example.com,RxTbNViTl7,rdszysyvpi
qjsdu6c4te@example.com,MPJNziUDeI,qkhyoyoltq
sd9y9nki6i@example.com,meSTQGKgwu,qlbzjkyahi
r5si6spm6h@example.com,vsBuIJRhf9,hfqteuauiq
ejvqauwytr@example.com,KGuXRGspaZ,mvaqtqtzpl
l502ekxyzj@example.com,elG8XYPZUn,anctrdznzn
ur9rpnrhqj@example.com,yHZralt1CE,fuxtzqhqyo
udsz2xpcmi@example.com,P0YaNOpccu,ukuxnazsxc
waybdlsre4@example.com,sESlGZ427n,hzsquhajdd
jvlwbx1rhy@example.com,DxXtOxmK5o,reylglscbq
gjewvmfwnl@example.com,Le92hKiJRf,alxbzfwipt
dl7valin20@example.com,3cZTj05X7g,thefxmvdfm
sj7hybr739@example.com,2WwhX5qMxn,xofizalzhb
w7fahrxczd@example.com,oBDLMmOQ8C,hgrbtbeldm
0a5r5acayx@example.com,ZaZK7uk22Y,oxnqrwcbkj
kaonhcqs8x@example.com,lBhPDEwv92,itrbdnilzw
xn4hm5vnca@example.com,xoshNT6Iof,jnjcmbxhgk
1eu9kk8okh@example.com,ZY30o15W05,osjzoqrqjo
jfag73h90i@example.com,ZaMyoHnkVf,csyrvkbmka
slez6uwprc@example.com,Q5cCpptSPO,qxgwtdpcju
s4nqvwokag@example.com,xdok6pgptg,mrcjbrguuq
xn35yl2weq@example.com,qgSOlHdqiD,nualzbinfq
tuu14466qw@example.com,297A3k5rmx,hqihfazoyi
1dsyivvxvh@example.com,5mzzL23Xyn,nafuufkgie
08ml5op4uv@example.com,ZrnTet2vP5,uboaimlzvn
gmrbtl7bcv@example.com,wJmpPxTHr3,ziprltiomw
drr3y0isyg@example.com,mKQiZmY5Wz,qsvbclptua
qcwtnzsbun@example.com,QF3ea8YMwy,akzdxsxgsx
wzvcpoxu2k@example.com,Vu3ioW56AX,ugusptjoml
zjo5q0a2ir@example.com,jrxhBRv7rP,uabalvzsry
3nmiwhfji6@example.com,SDJimoh5Zl,ebkygbfyun
jyulvtjvkb@example.com,qvDFfIfAFl,orldexcmwf
0p1a4zb96w@example.com,kVoeqJ1ndM,jfaqtmkjbw
5nhrfq4who@example.com,UorWIV90WM,tfhcohoiol
f891zzghtt@example.com,cGKEoyNQ94,lvzyphglzk
0gzbxva5k3@example.com,3zq5ehYJh5,bamtawzacl
rphhw3bolg@example.com,3EsYlz4Icb,ljevhmjlyj
0oryco2fon@example.com,9WNbAX07Nx,jrcolccnfz
x6ipcvg4d6@example.com,D8whvWkFxi,slgvqclhcw
mtxdpet38j@example.com,SAh0PQ7Q9Y,thimqehibc
zsavpop3fh@example.com,4fDiBVnpUE,gaaatgytda
i43ewjo9x9@example.com,7DfRGtI1Mt,wnnyvfrjvj
jcweka4h0d@example.com,zXBBlweWcp,wcbzmavghc
7a1lq5007f@example.com,8bxXgQU9mI,fkyfzruudb
jz2ourtyui@example.com,gStWisutie,lrximvysow
dy075aiqkx@example.com,9UHEtkio38,bumbneyyak
m0vp8nonpt@example.com,b1S6vHTUwf,vjhgyktkyo
ampqd8mbl4@example.com,6Ey5cioPTk,esanaoxadg
7n627j7iqr@example.com,meOGpMFRTR,nxqsvvjhtr
cl6re4elpq@example.com,gmPzJLMR9v,isckuytlxh
4hnwkbsf30@example.com,hxMdiXapYQ,fouenwxvcq
1iz2gj4xv5@example.com,mnxm5cxnz9,ubduvzkumt
pq0mbkmp21@example.com,nunawLWuU8,kwgpfntjbx
ksywdr4nmx@example.com,eMbE35zABg,qrnrhunlna
009ep1avme@example.com,s44VfweUie,xgqfregbam
79atr247i2@example.com,lh56ELktPO,poypmpybnr
9may0sk03e@example.com,z8G671cgko,utefofjkgz
il1ak8lqg5@example.com,jBxINmcHVa,zitvjmlsnn
knh063uoik@example.com,gI8y4tJi5s,milzagbrsy
x1vawpnrpz@example.com,qE47gSLIpa,wwfaqrlcam
mwp6j1qmsy@example.com,UNGSPV88wW,bchqokamnx
zyulkmqu1y@example.com,mbKHYhJlKo,dwirrociez
4egjpaxpww@example.com,nXTCbL2Zoa,izqzsdunmc
gvxc01rdzo@example.com,V16OYEN9Pk,cqdwbfcvqa
ofrd34ouk7@example.com,jq3C3346sm,essakmpluq
k65gjsmpsh@example.com,F1LP7hK52J,xzjuxhvpza
eo4gpjsm0p@example.com,PA25yGUiFY,miglrmkoan
b5zf59pco2@example.com,mNTpc7pcRm,lwpmkaazib
2gau5v5h4s@example.com,jEBHzWfU1F,inilnvymio
2br6h5ahkg@example.com,MGjMsHLoRL,ccweqwldxf
4iqv5ncgxh@example.com,aT1wWk8Z5f,ahynrdkoht
hovbkypzzm@example.com,OhDw2aj3PU,ppaohtsrss
z9sjbwbjcb@example.com,feiM6MQBiu,frsdmeilhr
3tc8mha0wc@example.com,w8UBT70fzO,hnfiykmgly
tl9fv2xf5z@example.com,c1emAbO4ti,blrpkdqpxh
k6ghneblrg@example.com,Xov6EU6mxn,rszyblwsty
tox0law9t6@example.com,SnXhnm7xH6,aiauvsvlkr
pgj3po76ey@example.com,u1zxHyrOAG,zlfqvzwduz
gi3axcjo45@example.com,B0UfG8ypIC,kfmwpaqiee
95vz21ke8l@example.com,aYsTQ8aOsO,svhzuafqlo
k7hi9pqiyd@example.com,7D32jbHDuZ,tftwbywypp
85djkedv5g@example.com,IHYHuLgozA,gumqxobpce
x700gdos03@example.com,vkjnKhKLAG,zigblhbgyz
s7y27uc6et@example.com,mv0UnOThDN,vomndmmttr
ukmh957fqy@example.com,exLKKFdPHd,iprlmgxdxs
6j3acytjg1@example.com,p4MA2v3aAX,dgzbvtltol
dary9uwy7y@example.com,KqFQmi2sHY,fchfomjubl
yy4u9yvps7@example.com,1WOM1qYfPb,mmddaaypga
iqoim21gm9@example.com,3NYA82FBWn,ogioltryno
kn4tie1orf@example.com,nJmVWypk5c,myvqfujhri
8lhgsn5pzf@example.com,QM9EXa5cKy,unpwxedphh
sobnu4azh1@example.com,Ojd1wsTjDy,cypofxrpyl
bifextvnl4@example.com,4PuN2NeAzG,araclimiyd
oajgw0ojw0@example.com,9WCr8AZQJd,yeslfzmhun
ayu4w9gr43@example.com,XDP3Nkf3yX,inxtvppqsp
x2im8jt1xg@example.com,xURcOjiQnU,cuevfqgdck
vzyzxbkl0f@example.com,EqQmJF0K58,eccrdrgfwy
t0tq8ikd1c@example.com,XNmTv3kNYq,padtduddvi
r946pqwezr@example.com,F6Vi7yTGiD,pemhfzxnwn
f2m5qhet0n@example.com,hlPXbjIV3H,wixhtubgcc
nfe03glu13@example.com,NWV6CQYQwY,kumayfczhq
tzttvz84uq@example.com,LerfIOGYAZ,qpxeuutuvh
gvz9of9689@example.com,tSQA0aZEe7,oayhjzzgwl
xhnae3ea8x@example.com,ElfaXJsizl,fuksikhqhy
213pap5jef@example.com,zMw4hbQ9lk,aobdcziyzp
sj05kg67xm@example.com,Sfi863a1wr,ykoofgvrzn
l0o4brm6nb@example.com,B6mOTc0Rrx,afrhlrprdt
bawcwzrt5e@example.com,uGDZQAqobK,aoklbachxu
vip7irxye7@example.com,wnuSZQgkXu,leofimqqoy
gpigsw5197@example.com,mNUZA368t5,fgspgmiztm
eluc9ql4zq@example.com,4OebOEqoqq,gqqwovduzy
wj1tckrweb@example.com,l3trAx6ejo,fkhmttvgud
dgeg93em1d@example.com,eB7KahPBYg,labiabmkbu
3w8er2zp8y@example.com,is9LDPbJ15,noafcodylo
75w35mossu@example.com,axuE6zUStH,mspdqhxcsj
gpn826m638@example.com,JDCyB1NxN4,jxiqjgrfay
eqt6hugtv0@example.com,BaB9F3S3ZS,njuaojtwlw
0s1mpmf4ce@example.com,pP85F5EQ4a,qaapeirgsf
4w3vu1p02i@example.com,X79XG0rOpN,ulmzetpciy
q07nebss1x@example.com,i7ocZp7Bik,msszkzupnw
hqafcnuzmb@example.com,5n8fTJKOob,xmmitipruw
yj10wcq2bf@example.com,P9tn8yXYNg,olundryowc
fbs3kcqggi@example.com,pNTOhFQaM5,nyhjfijypo
5hpr0tqnb7@example.com,bFh7S3J89S,kkkyrzjzjm
lv73h4rpzn@example.com,ScoYHaA9aP,rpjazqcyts
5zzqiuowa2@example.com,NGOgbU2W9L,qgsxzbqfxg
uaoe52n47z@example.com,DiYKi9T3nZ,ecbdvedfml
zfgwc6n16j@example.com,YSkfQkYHcZ,cfcythztqz
ckagsgqv8m@example.com,bZjy3MyQ0J,njdcmlkihj
27rtypstr8@example.com,4S07R9dRnm,vzuaftwdrj
aal9l9qyt9@example.com,dDG03em5zu,iwwydykfid
j4gthj1sfk@example.com,o0VkVmfPet,mihfuxvfwu
v4hfiy6v32@example.com,3axOxLgvZ7,adqkjgiqoi
uofltmpbga@example.com,TwHl6ftQGq,ugdbxfmfwc
rn53k5780t@example.com,HAKS653wyh,fyozvarhdi
byra3nceat@example.com,4W7xWCTplv,opubpauixc
gruemp6093@example.com,43M6YI8kSQ,mihmuauoxw
dad5gtnyan@example.com,Q7NMZXNGI6,refymffsrj
p8vdk3tga2@example.com,IcelRhoZmT,mhhctcntfn
tciy0vn6vx@example.com,mOWpoxAU3P,zyuwabvzjc
zrdexzqotu@example.com,cpJtD1e8OI,pyeiqxoopq
5obqpcctga@example.com,KUa0USrYbQ,lkxgfcvken
a0ei9lqefp@example.com,l9xJ1Cioug,pbmsvlfgfc
3r9kn9lumd@example.com,bS6LoDab0S,tmrhliocgi
3j30dcewot@example.com,59wMzxdOyn,vwqpxhlhji
3lbapr7vf2@example.com,wRemTr9xJj,pvrtbuniqh
zajxikgvk3@example.com,YSbMvtk5B6,papdslbjpq
5ltpghn94v@example.com,QONSFRSGl0,haafklxsws
hifncq0w5j@example.com,U1ZlZvT0t5,hnaqjeetli
w3reg7mcif@example.com,THeaZ3jrrM,rzfewhydfu
g8a5es9goe@example.com,2a0lMV7WlT,jgpjsvjpom
irtpa9kzn3@example.com,sTRaJmWStO,qmxumqarec
fejtyzi3dq@example.com,OOHL193Ihd,vcsdymmyxz
0e2fih1bnr@example.com,NgXlLdeUls,sikzvjlmnr
a97ryeafys@example.com,YTBNQfgCAn,hvwxasbnfw
nkw3y9r99j@example.com,IeG34rvjyr,aypfbxcbnk
ni73glvgh8@example.com,meTuOSNEQ3,zubtexvzuk
vato17262c@example.com,sl3tdvLwjr,mggkitfskw
ndsbrbbjsm@example.com,usE9AUawzX,aqslwdgaer
h633glzc9o@example.com,ufq37X2JHK,ysjilakyjr
ek7mvmw3sx@example.com,RvKrDOiwkl,cazflwjkft
qlzm2uezs6@example.com,TSiXlogoWp,ctmzroqagp
bnp3xmhr7x@example.com,hFP1UWoWr6,eexmsyutdf
eulu4kih7h@example.com,FqCePk0XLm,egkokdiwwk
s96nqmx2mw@example.com,2StwZog49L,lzwwujlkxj
8axpersvx6@example.com,aYXaAah2N6,wyxcmyraqq
xjwq6wfd0d@example.com,eD7tHw7qwK,upaowoeibh
6f3xp51uh4@example.com,tMc9cQLSne,ncbwrliwpb
dexacvo4o7@example.com,cw8pmszHei,yrwwpliano
dkz5bgbp5w@example.com,sIUdKD1n4z,ukptpzxzet
aurr95zvf1@example.com,lp18JOWBIb,ohfwbsctak
hmm0278d3e@example.com,qLmvMNJacG,dbmssbswzh
i9zu4puhpo@example.com,7eswvpyXPw,gbkjicoaax
zjvndkw6ag@example.com,fqZsORVwzy,ufedbdqiyf
4z2uzn5dwq@example.com,MkXBpJ26xN,yhmylfowaj
a4va14l49s@example.com,Jj7eFrlYhW,ehpxavkfar
oq3ctd748b@example.com,YNFebiUNFa,zgkfcmmfgz
h1tyg71v0p@example.com,Mf7zNKfAC6,rpshazfqye
wcsov1znpl@example.com,oYgdtYCXJ4,dnfoyvkikd
cagrsmshm8@example.com,vxRxHtNYvO,dnlhwuygsd
mfuoalki8o@example.com,5fHchmQJ6A,oosyagjfzq
w0skro22va@example.com,rHyhrGGHP7,lkcknrdzgp
uca51b38rb@example.com,f6A2wMRLf4,utoheivixr
3url5d9z4j@example.com,S1QPXTd23d,sncqklvgsk
s1gvnynxrk@example.com,XxTuNbk9Ot,tjejldofoc
6z08ugo4p7@example.com,TV4BKBcn2K,seiskcezah
3o1e52b1fa@example.com,uz9O3QIzVW,etmlkbarvt
x7n65umoas@example.com,lG10JfCI4R,basemlhaov
r7yl2odu0b@example.com,IDXUoS7Yuz,yjfemsiojn
0cpyxhbhq9@example.com,1JoSBr3UUh,qbuzdfqswb
msub8pgiyu@example.com,tstcKf8PiD,yedvizfhxk
h2kj5kqvyr@example.com,yj4C3Od52G,cehhxuxhdx
pzzyongm4p@example.com,FWR4vc5GId,mgiomcrhgc
cx2emr1zp6@example.com,QnUXTAYcBv,kccjgfhayf
kaz60f0awx@example.com,UY2hQSuSWA,bjzneizowo
x3qco465es@example.com,Lh3ihYkuHS,bnczuyqlbc
06bucndcgn@example.com,Hp3rLPGf6S,zgclhrabhp
xornhz3dmx@example.com,hkmrlg4sSX,qpeimhknxy
0vgbx7nk08@example.com,D7PKrgI3Vd,vsichbjigj
77u8ta8b76@example.com,lZPK9OMaz0,tdaglghdsf
10hqm4zbut@example.com,o9MlZuApyd,opncagtbvr
qp2ksvsdy3@example.com,4RkLM05TaC,dcuktyoxiq
69sbsl43l9@example.com,ZN9mhNb9pn,ulsvciqeha
shpx3vndwq@example.com,XqlnrM8apL,zajmfpsrpg
59oz2vy0v6@example.com,XOzR5rDeAe,qzjwpxwadb
d3t12lb2ie@example.com,dEsp3lwbJW,hzgnvqfnwi
klbqqu3ku1@example.com,WKyYYPg95B,lustryqdek
1au6wfd7fp@example.com,iQrzjgzJxN,peoxbglunb
l7ox9j808a@example.com,QiwBP8MisF,htbrjgeydx
knzdq4agmf@example.com,XXeSNwFnke,ofwgkuzgdi
wvspxi2fwg@example.com,MrcF6yELJl,zckodcrpic
rdesq8m1ag@example.com,xXmsTNOcqQ,fnbtrouiuf
zxts22bxxt@example.com,OD1DO211AD,bipoamqymo
rty818c2u5@example.com,qZ3JPQ6vcL,mtnudcvesg
kx0dei2eq5@example.com,CyhXsaQLfz,zyfyktcrer
tlyr5quqj1@example.com,FyP6Oo4AFo,alisgmytrn
rorcnwl4x5@example.com,tRW82dZ37o,nxtzlbiphj
wq5fdz3zmg@example.com,vPYLMAzgpE,ajsyeqqteu
1wsge15kyp@example.com,H48XM14RQL,pdvfhzbpxo
z4kpspp83w@example.com,XOmc7ptHTa,nswaabymzy
6elzsi2k2p@example.com,M51vL4EQW4,etyhlttqxs
p4v50ha70q@example.com,FuJllTqlRn,zjlxekjrjs
l1y7iukb7j@example.com,X5YoxF8354,iyqgtseyod
sekthpf9bt@example.com,RBG2z0XgeF,rojlsbpyoz
fegsynp77c@example.com,3U8Rw09Tb7,mtqfveqvah
hsy3jd0p5j@example.com,pClNfDTVDT,hobzwdrwgb
mxhn3ltviq@example.com,wlfuldaAlv,myuzpmhame
r0vxfp09t1@example.com,q1wxSTY9Up,chyqqvmqgs
53qhvbfag2@example.com,9TyqdUbp1T,tuzooecwqe
qky59fg8i9@example.com,Q5BbWY4uIS,tcnzmqskzi
yk8iuerb13@example.com,dL6MGcJums,pwemsivpid
tgtuu04s6v@example.com,UE6FVAu6Ae,qnigyntiyy
zlm4j41om6@example.com,FN8PGDVGvK,bocgvogevj
02n9ncsx2t@example.com,mvvOMqF5am,arsvajwrio
4oanglyqte@example.com,34GJb9kj0v,ulzijprrlp
lahqp3fzh1@example.com,XMESPhk99r,bpdtnrdise
xu85mxgjop@example.com,jiZY1318g0,wkgpuzmscm
d4vf8zjt37@example.com,neG38LAqeC,wqzyyztdpx
b2n047g6sx@example.com,KepYq7klyy,ylcrqmsgsm
c6ni1a4ejq@example.com,c8lgSxjk44,bbntnyicgz
4t8vkla46s@example.com,rySIBaOhsL,ntzoypoufq
cxc15yf5n6@example.com,EbosQ6lMe0,xvwlreuelx
r1awtg4h8u@example.com,8flHO3f1WG,tuwtmkudfg
jact10jmoi@example.com,LyiyePU8EY,yixsgngmtw
nuw2rjdffa@example.com,ogJHcxOcyf,npjilwwgbw
pudm23sjd8@example.com,RyLWE6W7ra,vdetesrdbp
gthzhihszm@example.com,tUwNMwiGSQ,bokcnicmju
tvs3ge1bj8@example.com,3PHD6U6h6t,slmkuvcvtv
hq2no4ue73@example.com,iVU7jwsnS2,nlhxrrnely
xj32pud267@example.com,CZRkKHD9Uw,qyebadbhor
lag87e57b2@example.com,vS3zupDEh1,qvzbqueyom
ohzz7dsana@example.com,j86gzNy80y,jecfsbksxu
tsug2ed38y@example.com,3lGZaom7T6,qnbavyonlx
qkgkpiyr0d@example.com,NMgXKOqQUh,sjqyxulaev
mfbkw8cgzw@example.com,l6MDsaV2X2,hcpgzhghrw
wjonoj362z@example.com,U9j4eK0maW,dyygggocwq
llf8npb7ez@example.com,1I4UXvu6Gm,dqccjqzhuz
17y9la58vf@example.com,PA6C2eAHlk,fchirpslic
4lb1ep7451@example.com,x8PpfNpuTy,vthfegvypl
wn79d06yc5@example.com,0DYP0mHZde,kjseppeyua
4239hd2nh5@example.com,Ke3JKgEV0R,yxdtizvtwj
dtx0ovspke@example.com,8l1qb6BpLg,vcacgdnaut
ttzbtpw9n2@example.com,jS7TjTfWdk,tukdtrvjzl
8qwd707r0l@example.com,Sp8OqrkhrY,ilgjyfucqe
